"Station","richness_tot","logrichness_tot","Date","Time","Sampling_depth","Site","Latitude","Longitude","Habitat","EastwardVelocity","NorthwardVelocity","Salinity","SuspendedParticulateMatter","SSTmax","SSTmean","SSTmin","SSTsd","seafloorTemp","Chla","TravelTime","ReefMinDist.m","LandMinDist.m","SummitDepth","ValleyDepth","Height","SummitAreasKm2","SummitRugosity","Depth"
"SM00101",47,3.87120101090789,"06/04/2019","08:14",0,"Noumea",-22.1632167,166.0911167,"DeepSlope",-0.0284654460847378,0.0886297896504402,35.5479469299316,2.4288387298584,29.093994140625,24.4051818847656,20.9440002441406,1.78425812721252,25.1662826538086,0.322351217269897,4380.09158895249,350.523566203057,6443.57954674548,0,2828,2828,682.8879667,8.431506244,"143"
"SM00102",17,2.89037175789616,"06/04/2019","09:03",0,"Noumea",-22.1493167,166.0713333,"DeepSlope",-0.0284654460847378,0.0886297896504402,35.5479469299316,2.73795628547668,29.0390014648438,24.3994445800781,20.875,1.7731271982193,25.1662826538086,0.298941016197205,4774.29216335128,527.479314497047,5524.94247728025,0,2828,2828,682.8879667,8.431506244,"219"
"SM00103",1,0.693147180559945,"06/04/2019","14:15",0,"Noumea",-22.0399,165.95378,"DeepSlope",-0.0791816562414169,0.087030716240406,35.5477561950684,2.11964988708496,29.3299865722656,24.4935302734375,20.7730102539062,1.7950097322464,25.7196826934814,0.41237860918045,6098.38960822247,700.969959353494,4770.3215901294,0,2828,2828,682.8879667,8.431506244,"80"
"SM00104",9,2.30258509299405,"06/04/2019","15:00",0,"Noumea",-22.13581,166.04781,"DeepSlope",-0.0284654460847378,0.0886297896504402,35.5479469299316,2.73795628547668,28.9949951171875,24.4025573730469,20.7999877929688,1.76833963394165,25.1662826538086,0.298941016197205,5206.12359852488,479.370698071956,4681.04764239756,0,2828,2828,682.8879667,8.431506244,"214"
"SM00105",8,2.19722457733622,"06/04/2019","15:46",0,"Noumea",-22.13098,166.03284,"DeepSlope",0.0105982460081577,0.00181597738992423,35.5448837280273,0.895667731761932,28.9360046386719,24.4109497070312,20.7269897460938,1.76658034324646,5.81318664550781,0.206661969423294,5463.61630209653,719.037256865985,5140.69973441423,0,2828,2828,682.8879667,8.431506244,"197"
"SM00106",5,1.79175946922805,"06/04/2019","16:35",0,"Noumea",-22.12209,166.0147,"DeepSlope",-0.113871872425079,0.0494803413748741,35.5556640625,3.91330599784851,28.9089965820312,24.422607421875,20.6849975585938,1.76548421382904,26.0341262817383,0.339243054389954,5793.43429502388,306.469014657788,5911.69611055166,0,2828,2828,682.8879667,8.431506244,"175"
"SM00107",4,1.6094379124341,"06/04/2019","10:06",0,"Noumea",-22.1,165.98333,"DeepSlope",-0.113871872425079,0.0494803413748741,35.5556640625,1.68388390541077,29.0270080566406,24.4440612792969,20.7049865722656,1.76608228683472,26.0341262817383,0.263068705797195,6421.44887896123,712.56787646064,5974.38897235092,0,2828,2828,682.8879667,8.431506244,"210"
"SM00108",4,1.6094379124341,"06/04/2019","17:26",0,"Noumea",-22.08215,165.976,"DeepSlope",-0.113871872425079,0.0494803413748741,35.5556640625,2.45835709571838,29.1380004882812,24.4438171386719,20.6990051269531,1.78062438964844,26.0341262817383,0.320922046899796,6749.41919165639,768.375402085346,5416.77721953433,0,2828,2828,682.8879667,8.431506244,"149"
"SM00109",73,4.30406509320417,"06/04/2019","11:05",0,"Noumea",-22.0685,165.97032,"DeepSlope",-0.113871872425079,0.0494803413748741,35.5556640625,2.45835709571838,29.2160034179688,24.4557495117188,20.7219848632812,1.78120982646942,26.0341262817383,0.320922046899796,6603.38328452252,413.123338214923,4471.3528180065,0,2828,2828,682.8879667,8.431506244,"122"
"SM00110",2,1.09861228866811,"06/04/2019","11:46",0,"Noumea",-22.03333,165.95,"DeepSlope",-0.0791816562414169,0.087030716240406,35.5477561950684,2.11964988708496,29.3240051269531,24.5006408691406,20.7799987792969,1.80965602397919,25.7196826934814,0.41237860918045,6046.49734712812,837.171523355159,5183.18316022521,0,2828,2828,682.8879667,8.431506244,"210"
"SM00111-1000",3,1.38629436111989,"05/04/2019","14:25",1000,"Noumea",-22.20294,165.92043,"Pelagic",0.0514728724956512,-0.105180405080318,35.5361824035645,0.43553438782692,29.0650024414062,24.5882568359375,21.0820007324219,1.79507982730865,2.5838098526001,0.12145508825779,12870.1638956065,12725.2832928448,18905.7505320127,0,2828,2828,682.8879667,8.431506244,"sondeur éteint"
"SM00111-20",12,2.56494935746154,"05/04/2019","",20,"Noumea",-22.22655,165.93445,"Pelagic",0.0724877640604973,-0.122074037790298,35.5281715393066,0.426332205533981,29.0360107421875,24.5866394042969,21.1260070800781,1.7952436208725,2.03029990196228,0.113666519522667,12597.9970575418,14207.1439789897,19816.6970969405,0,2828,2828,682.8879667,8.431506244,"sondeur éteint"
"SM00111-250",3,1.38629436111989,"05/04/2019","14:25",250,"Noumea",-22.20294,165.92043,"Pelagic",0.0514728724956512,-0.105180405080318,35.5361824035645,0.43553438782692,29.0650024414062,24.5882568359375,21.0820007324219,1.79507982730865,2.5838098526001,0.12145508825779,12870.1638956065,12725.2832928448,18905.7505320127,0,2828,2828,682.8879667,8.431506244,"sondeur éteint"
"SM00111-500",2,1.09861228866811,"05/04/2019","14:25",500,"Noumea",-22.20294,165.92043,"Pelagic",0.0514728724956512,-0.105180405080318,35.5361824035645,0.43553438782692,29.0650024414062,24.5882568359375,21.0820007324219,1.79507982730865,2.5838098526001,0.12145508825779,12870.1638956065,12725.2832928448,18905.7505320127,0,2828,2828,682.8879667,8.431506244,"sondeur éteint"
"SM00111-80",8,2.19722457733622,"05/04/2019","",80,"Noumea",-22.22655,165.93445,"Pelagic",0.0724877640604973,-0.122074037790298,35.5281715393066,0.426332205533981,29.0360107421875,24.5866394042969,21.1260070800781,1.7952436208725,2.03029990196228,0.113666519522667,12597.9970575418,14207.1439789897,19816.6970969405,0,2828,2828,682.8879667,8.431506244,"sondeur éteint"
"SM00201",5,1.79175946922805,"08/04/2019","14:20",0,"PoyaNepoui",-21.46667,165.03333,"DeepSlope",-0.0406072735786438,-0.0427561812102795,35.4963035583496,1.08274710178375,29.1640014648438,24.7673645019531,21.4960021972656,1.80635988712311,9.24902820587158,0.267565280199051,12547.4033027344,483.5780017268,7233.03711222856,0,3088,3088,393.0866614,8.314530038,"187"
"SM00202",11,2.484906649788,"08/04/2019","15:04",0,"PoyaNepoui",-21.45483,165.04361,"DeepSlope",-0.169844329357147,0.0366877876222134,35.5599136352539,5.30225801467896,29.2560119628906,24.7672729492188,21.4809875488281,1.82739460468292,25.5250759124756,0.790578424930573,12291.2215771783,538.328981925781,6813.97637398643,0,3088,3088,393.0866614,8.314530038,"95"
"SM00203",2,1.09861228866811,"08/04/2019","15:41",0,"PoyaNepoui",-21.44233,165.03484,"DeepSlope",-0.142433166503906,0.0400725677609444,35.5544281005859,4.43550109863281,29.2550048828125,24.7637329101562,21.47900390625,1.82913899421692,23.9584445953369,0.429080605506897,12265.223914063,661.015728995081,5369.65365393786,0,3088,3088,393.0866614,8.314530038,"175"
"SM00204",6,1.94591014905531,"08/04/2019","16:20",0,"PoyaNepoui",-21.4381,165.02058,"DeepSlope",-0.142433166503906,0.0400725677609444,35.5544281005859,4.43550109863281,29.2200012207031,24.7625122070312,21.4880065917969,1.82053303718567,23.9584445953369,0.429080605506897,12474.8389968862,488.242302398895,5324.2524625165,0,3088,3088,393.0866614,8.314530038,"148"
"SM00205",24,3.2188758248682,"08/04/2019","16:57",0,"PoyaNepoui",-21.44214,165.00621,"DeepSlope",-0.142433166503906,0.0400725677609444,35.5544281005859,4.43550109863281,29.2269897460938,24.7635192871094,21.5029907226562,1.8135472536087,23.9584445953369,0.429080605506897,12698.1131098109,511.851174471227,7034.50844911925,0,3088,3088,393.0866614,8.314530038,"160"
"SM00206",10,2.39789527279837,"08/04/2019","08:40",0,"PoyaNepoui",-21.4406667,165.0345,"DeepSlope",-0.142433166503906,0.0400725677609444,35.5544281005859,4.43550109863281,29.2550048828125,24.7637329101562,21.47900390625,1.82913899421692,23.9584445953369,0.429080605506897,12273.2385873,511.734160173981,6840.83690472792,0,3088,3088,393.0866614,8.314530038,"218"
"SM00207",21,3.09104245335832,"08/04/2019","09:28",0,"PoyaNepoui",-21.40673,164.92316,"DeepSlope",-0.0508322343230247,-0.00314769428223372,35.4929237365723,3.17109990119934,29.3720092773438,24.8199157714844,21.6820068359375,1.81026458740234,5.00138425827026,0.400113523006439,12846.1687952316,581.000291670214,5987.51673239151,0,3088,3088,393.0866614,8.314530038,"88"
"SM00208",4,1.6094379124341,"08/04/2019","10:06",0,"PoyaNepoui",-21.39759,164.90327,"DeepSlope",-0.0508322343230247,-0.00314769428223372,35.4929237365723,2.18907904624939,29.3370056152344,24.8257446289062,21.6749877929688,1.81456577777863,5.00138425827026,0.264302939176559,13124.0688049736,718.059404903332,5123.70955756779,0,3088,3088,393.0866614,8.314530038,"174"
"SM00209",13,2.63905732961526,"09/04/2019","13:43",0,"PoyaNepoui",-21.38347,164.88029,"DeepSlope",-0.0508322343230247,-0.00314769428223372,35.4929237365723,2.18907904624939,29.3240051269531,24.8251037597656,21.6220092773438,1.82619333267212,5.00138425827026,0.264302939176559,13571.1895907162,526.991383378231,6041.01336749729,0,3088,3088,393.0866614,8.314530038,"89"
"SM00210",3,1.38629436111989,"09/04/2019","14:27",0,"PoyaNepoui",-21.37535,164.87529,"DeepSlope",-0.0508322343230247,-0.00314769428223372,35.4929237365723,2.18907904624939,29.3240051269531,24.8251037597656,21.6220092773438,1.82619333267212,5.00138425827026,0.264302939176559,13701.1588977489,585.265656111073,6276.62498415951,0,3088,3088,393.0866614,8.314530038,"100"
"SM00211-1000",2,1.09861228866811,"09/04/2019","",1000,"PoyaNepoui",-21.45376,164.9077,"Pelagic",-0.0508322343230247,-0.00314769428223372,35.4929237365723,0.493313312530518,29.3450012207031,24.8794860839844,21.6369934082031,1.80392241477966,5.00138425827026,0.135393664240837,13550.5268227692,6062.14412608793,11494.5458982968,0,3088,3088,393.0866614,8.314530038,"1087"
"SM00211-150",2,1.09861228866811,"09/04/2019","",150,"PoyaNepoui",-21.45303,164.90916,"Pelagic",-0.0508322343230247,-0.00314769428223372,35.4929237365723,0.493313312530518,29.3450012207031,24.8794860839844,21.6369934082031,1.80392241477966,5.00138425827026,0.135393664240837,13528.6864623761,5949.94600292426,11363.7210801086,0,3088,3088,393.0866614,8.314530038,"1054"
"SM00211-20",9,2.30258509299405,"09/04/2019","",20,"PoyaNepoui",-21.45303,164.90916,"Pelagic",-0.0508322343230247,-0.00314769428223372,35.4929237365723,0.493313312530518,29.3450012207031,24.8794860839844,21.6369934082031,1.80392241477966,5.00138425827026,0.135393664240837,13528.6864623761,5949.94600292426,11363.7210801086,0,3088,3088,393.0866614,8.314530038,"1054"
"SM00211-500",31,3.46573590279973,"09/04/2019","",500,"PoyaNepoui",-21.45376,164.9077,"Pelagic",-0.0508322343230247,-0.00314769428223372,35.4929237365723,0.493313312530518,29.3450012207031,24.8794860839844,21.6369934082031,1.80392241477966,5.00138425827026,0.135393664240837,13550.5268227692,6062.14412608793,11494.5458982968,0,3088,3088,393.0866614,8.314530038,"1087"
"SM00211-80",4,1.6094379124341,"09/04/2019","",80,"PoyaNepoui",-21.45303,164.90916,"Pelagic",-0.0508322343230247,-0.00314769428223372,35.4929237365723,0.493313312530518,29.3450012207031,24.8794860839844,21.6369934082031,1.80392241477966,5.00138425827026,0.135393664240837,13528.6864623761,5949.94600292426,11363.7210801086,0,3088,3088,393.0866614,8.314530038,"1054"
"SM00301",23,3.17805383034795,"17/04/2019","12:33",0,"Antigonia",-23.3911667,168.065,"Summit50",-0.0226240511983633,-0.0482091568410397,35.5074768066406,0.424818068742752,28.3030090332031,24.2179870605469,20.8269958496094,1.7224006652832,22.9971027374268,0.104071736335754,50079.0299701622,86035.9383423253,93546.256454011,54,1384,1330,60.49692249,3.508081529,"54"
"SM00302",8,2.19722457733622,"17/04/2019","13:01",0,"Antigonia",-23.4006667,168.0506667,"Summit50",-0.0226240511983633,-0.0482091568410397,35.5074768066406,0.424818068742752,28.2799987792969,24.2106628417969,20.8259887695312,1.72051119804382,22.9971027374268,0.104071736335754,49995.1015288,85768.2838686382,93595.9676191732,54,1384,1330,60.49692249,3.508081529,"56"
"SM00303",6,1.94591014905531,"17/04/2019","14:19",0,"Antigonia",-23.4105,168.0671667,"Summit50",-0.0226240511983633,-0.0482091568410397,35.5074768066406,0.424818068742752,28.2780151367188,24.2088928222656,20.8299865722656,1.72560620307922,22.9971027374268,0.104071736335754,50476.7705531666,87827.0927330894,95440.5630873003,54,1384,1330,60.49692249,3.508081529,"58"
"SM00304",33,3.52636052461616,"17/04/2019","15:03",0,"Antigonia",-23.42,168.0816667,"Summit50",-0.0226240511983633,-0.0482091568410397,35.5074768066406,0.427470654249191,28.2630004882812,24.20654296875,20.8280029296875,1.72849130630493,22.9971027374268,0.103641837835312,50985.6305793714,89657.1813742024,97145.4979942179,54,1384,1330,60.49692249,3.508081529,"70"
"SM00305",6,1.94591014905531,"17/04/2019","15:41",0,"Antigonia",-23.4048333,168.0825,"Summit50",-0.0226240511983633,-0.0482091568410397,35.5074768066406,0.424818068742752,28.3059997558594,24.2181701660156,20.8290100097656,1.72703671455383,22.9971027374268,0.104071736335754,50644.7660983366,88497.9689426086,95812.3866171979,54,1384,1330,60.49692249,3.508081529,"58"
"SM00306",10,2.39789527279837,"05/06/2019","16:20",53,"Antigonia",-23.43681667,168.0822333,"Summit50",-0.0226240511983633,-0.0482091568410397,35.5074768066406,0.427470654249191,28.3469848632812,24.1970825195312,20.8269958496094,1.72832572460175,22.9971027374268,0.103641837835312,51230.9068909125,91094.8406331804,98720.9652699105,54,1384,1330,60.49692249,3.508081529,"60"
"SM00307",13,2.63905732961526,"05/06/2019","15:08",55,"Antigonia",-23.45146667,168.0699333,"Summit50",-0.0226240511983633,-0.0482091568410397,35.5074768066406,0.427470654249191,28.3200073242188,24.1902160644531,20.81298828125,1.72559177875519,22.9971027374268,0.103641837835312,51314.7535172654,91704.7368462259,99388.4205739887,54,1384,1330,60.49692249,3.508081529,"59"
"SM00308",6,1.94591014905531,"05/06/2019","14:20",62,"Antigonia",-23.4669,168.07849,"Summit50",0.0137459402903914,-0.0503984168171883,35.5098609924316,0.425443202257156,28.2070007324219,24.1860961914062,20.8139953613281,1.724982380867,4.16012668609619,0.103971563279629,51696.0173203117,93538.9056167603,101300.77657218,54,1384,1330,60.49692249,3.508081529,"66"
"SM00309",8,2.19722457733622,"05/06/2019","13:30",56.8,"Antigonia",-23.470375,168.0983667,"Summit50",0.0137459402903914,-0.0503984168171883,35.5098609924316,0.425544321537018,28.3429870605469,24.1934204101562,20.7799987792969,1.72609078884125,4.16012668609619,0.102942682802677,52204.3978645094,95094.3533151545,102731.626053718,54,1384,1330,60.49692249,3.508081529,"56.8"
"SM00310",9,2.30258509299405,"05/06/2019","15:42",60,"Antigonia",-23.45013333,168.0923833,"Summit50",-0.0226240511983633,-0.0482091568410397,35.5074768066406,0.428191542625427,28.2820129394531,24.1965026855469,20.8259887695312,1.72902798652649,22.9971027374268,0.102818265557289,51670.9614263052,93072.7706880908,100525.028425179,54,1384,1330,60.49692249,3.508081529,"66"
"SM00311_1000",4,1.6094379124341,"12/06/2019","07:02",1000,"Antigonia",-23.4340333,168.17055,"Pelagic",-0.0236833728849888,-0.00841402914375067,35.5009346008301,0.42743992805481,28.4349975585938,24.2434387207031,20.8070068359375,1.73100936412811,5.97187900543213,0.100007861852646,52902.7028889619,96241.858566403,103781.226521902,54,1384,1330,60.49692249,3.508081529,"1238"
"SM00311_150",4,1.6094379124341,"12/06/2019","08:21",150,"Antigonia",-23.4340167,168.17175,"Pelagic",-0.0236833728849888,-0.00841402914375067,35.5009346008301,0.42743992805481,28.4349975585938,24.2434387207031,20.8070068359375,1.73100936412811,5.97187900543213,0.100007861852646,52951.754775298,96316.9704944065,103855.584661043,54,1384,1330,60.49692249,3.508081529,"1244"
"SM00311_20",17,2.89037175789616,"12/06/2019","08:21",20,"Antigonia",-23.4340167,168.17175,"Pelagic",-0.0236833728849888,-0.00841402914375067,35.5009346008301,0.42743992805481,28.4349975585938,24.2434387207031,20.8070068359375,1.73100936412811,5.97187900543213,0.100007861852646,52951.754775298,96316.9704944065,103855.584661043,54,1384,1330,60.49692249,3.508081529,"1244"
"SM00311_250",1,0.693147180559945,"12/06/2019","07:02",250,"Antigonia",-23.4340333,168.17055,"Pelagic",-0.0236833728849888,-0.00841402914375067,35.5009346008301,0.42743992805481,28.4349975585938,24.2434387207031,20.8070068359375,1.73100936412811,5.97187900543213,0.100007861852646,52902.7028889619,96241.858566403,103781.226521902,54,1384,1330,60.49692249,3.508081529,"1238"
"SM00311_500",5,1.79175946922805,"12/06/2019","07:02",500,"Antigonia",-23.4340333,168.17055,"Pelagic",-0.0236833728849888,-0.00841402914375067,35.5009346008301,0.42743992805481,28.4349975585938,24.2434387207031,20.8070068359375,1.73100936412811,5.97187900543213,0.100007861852646,52902.7028889619,96241.858566403,103781.226521902,54,1384,1330,60.49692249,3.508081529,"1238"
"SM00311_80",1,0.693147180559945,"12/06/2019","08:21",80,"Antigonia",-23.4340167,168.17175,"Pelagic",-0.0236833728849888,-0.00841402914375067,35.5009346008301,0.42743992805481,28.4349975585938,24.2434387207031,20.8070068359375,1.73100936412811,5.97187900543213,0.100007861852646,52951.754775298,96316.9704944065,103855.584661043,54,1384,1330,60.49692249,3.508081529,"1244"
"SM00401",12,2.56494935746154,"08/06/2019","08:57",480,"IleDesPins",-22.3744,167.40445,"Summit500",0.0223213899880648,-0.0685581937432289,35.3811798095703,0.450201809406281,29.6799926757812,24.7899475097656,21.1069946289062,1.7310699224472,5.14845418930054,0.12569135427475,24657.867450822,12508.3737211808,15841.4701305691,470,1288,818,8.466111651,38.98035392,"484"
"SM00402",6,1.94591014905531,"08/06/2019","07:55",480,"IleDesPins",-22.38086667,167.3998,"Summit500",0.0402239002287388,-0.0713376477360725,35.4023666381836,0.45498663187027,29.6409912109375,24.7762145996094,21.1099853515625,1.72999596595764,12.4215288162231,0.13203002512455,24489.5309440201,11458.8193788396,14944.126757237,470,1288,818,8.466111651,38.98035392,"486"
"SM00403",3,1.38629436111989,"08/06/2019","07:00",483,"IleDesPins",-22.38478333,167.3949667,"Summit500",0.0402239002287388,-0.0713376477360725,35.4023666381836,0.45498663187027,29.6289978027344,24.7684326171875,21.1180114746094,1.72925221920013,12.4215288162231,0.13203002512455,24294.9332319448,10852.2249960922,14559.4535825801,470,1288,818,8.466111651,38.98035392,"488"
"SM00404",6,1.94591014905531,"07/06/2019","14:22",480,"IleDesPins",-22.39011667,167.3951667,"Summit500",0.0402239002287388,-0.0713376477360725,35.4023666381836,0.45498663187027,29.5960083007812,24.7614440917969,21.1130065917969,1.7289502620697,12.4215288162231,0.13203002512455,24225.4546759014,10570.9051521812,13747.9072411732,470,1288,818,8.466111651,38.98035392,"485"
"SM00405",6,1.94591014905531,"07/06/2019","11:22",480,"IleDesPins",-22.39565,167.40425,"Summit500",0.0402239002287388,-0.0713376477360725,35.4023666381836,0.45498663187027,29.5429992675781,24.7456665039062,21.1159973144531,1.72808039188385,12.4215288162231,0.13203002512455,24403.1075596357,10253.085616704,13280.2341377761,470,1288,818,8.466111651,38.98035392,"484"
"SM00406",21,3.09104245335832,"07/06/2019","12:25",465,"IleDesPins",-22.3912,167.4115833,"Summit500",0.0402239002287388,-0.0713376477360725,35.4023666381836,0.45498663187027,29.614013671875,24.7693481445312,21.1050109863281,1.72960531711578,12.4215288162231,0.13203002512455,24670.2836264566,10740.5376281768,14160.2196101681,470,1288,818,8.466111651,38.98035392,"471"
"SM00407",9,2.30258509299405,"07/06/2019","16:50",465,"IleDesPins",-22.38546667,167.4148167,"Summit500",0.0402239002287388,-0.0713376477360725,35.4023666381836,0.45498663187027,29.614013671875,24.7693481445312,21.1050109863281,1.72960531711578,12.4215288162231,0.13203002512455,24789.1876214505,12236.8072559977,15118.9733873332,470,1288,818,8.466111651,38.98035392,"469"
"SM00408",3,1.38629436111989,"08/06/2019","09:44",471,"IleDesPins",-22.37795,167.4108667,"Summit500",0.0402239002287388,-0.0713376477360725,35.4023666381836,0.45498663187027,29.656005859375,24.7836608886719,21.1019897460938,1.73072397708893,12.4215288162231,0.13203002512455,24759.8195436346,12282.5627040582,15221.5919834931,470,1288,818,8.466111651,38.98035392,"477"
"SM00409",3,1.38629436111989,"07/06/2019","15:12",475,"IleDesPins",-22.386925,167.4018333,"Summit500",0.0402239002287388,-0.0713376477360725,35.4023666381836,0.45498663187027,29.5960083007812,24.7614440917969,21.1130065917969,1.7289502620697,12.4215288162231,0.13203002512455,24469.4749974575,11262.5878353188,14396.8933935659,470,1288,818,8.466111651,38.98035392,"481"
"SM00410",16,2.83321334405622,"07/06/2019","16:00",475,"IleDesPins",-22.38155,167.4081667,"Summit500",0.0402239002287388,-0.0713376477360725,35.4023666381836,0.45498663187027,29.656005859375,24.7836608886719,21.1019897460938,1.73072397708893,12.4215288162231,0.13203002512455,24664.071766449,11798.0186692597,14826.9639552685,470,1288,818,8.466111651,38.98035392,"479"
"SM00411_150",7,2.07944154167984,"08/06/2019","12:49",150,"IleDesPins",-22.3566833,167.4482167,"Pelagic",0.0223213899880648,-0.0685581937432289,35.3811798095703,0.449499815702438,29.7829895019531,24.834716796875,21.06201171875,1.73529481887817,5.14845418930054,0.120273746550083,25679.9600084116,16047.035340104,17965.555045148,470,1288,818,8.466111651,38.98035392,"1262"
"SM00411_250",4,1.6094379124341,"08/06/2019","10:41",250,"IleDesPins",-22.35645,167.4474333,"Pelagic",0.0223213899880648,-0.0685581937432289,35.3811798095703,0.449499815702438,29.7829895019531,24.834716796875,21.06201171875,1.73529481887817,5.14845418930054,0.120273746550083,25630.5190288498,16065.6389627837,17974.3474810276,470,1288,818,8.466111651,38.98035392,"1262"
"SM00411_500",14,2.70805020110221,"08/06/2019","10:41",500,"IleDesPins",-22.35645,167.4474333,"Pelagic",0.0223213899880648,-0.0685581937432289,35.3811798095703,0.449499815702438,29.7829895019531,24.834716796875,21.06201171875,1.73529481887817,5.14845418930054,0.120273746550083,25630.5190288498,16065.6389627837,17974.3474810276,470,1288,818,8.466111651,38.98035392,"1272"
"SM00411_80",2,1.09861228866811,"08/06/2019","12:49",80,"IleDesPins",-22.3566833,167.4482167,"Pelagic",0.0223213899880648,-0.0685581937432289,35.3811798095703,0.449499815702438,29.7829895019531,24.834716796875,21.06201171875,1.73529481887817,5.14845418930054,0.120273746550083,25679.9600084116,16047.035340104,17965.555045148,470,1288,818,8.466111651,38.98035392,"1262"
"SM00501",5,1.79175946922805,"13/06/2019","12:58",251,"JumeauWest",-23.6618,168.0003833,"Summit250",-0.0110522406175733,-0.0688608586788177,35.5249938964844,0.424476861953735,27.8789978027344,24.1018676757812,20.6950073242188,1.7161625623703,6.20285892486572,0.102080963551998,52058.6052979122,109111.234868472,116655.033724143,239,1358,1119,11.07689858,20.81388918,"259"
"SM00503",4,1.6094379124341,"13/06/2019","14:20",233,"JumeauWest",-23.67896667,168.0033667,"Summit250",-0.0110522406175733,-0.0688608586788177,35.5249938964844,0.424644738435745,27.9010009765625,24.0950012207031,20.6029968261719,1.71551275253296,6.20285892486572,0.101237028837204,52293.7118414122,111199.75088192,118522.08110121,239,1358,1119,11.07689858,20.81388918,"242"
"SM00504",6,1.94591014905531,"12/06/2019","15:48",276,"JumeauWest",-23.661,168.0141667,"Summit250",-0.0110522406175733,-0.0688608586788177,35.5249938964844,0.424476861953735,27.8940124511719,24.1043701171875,20.6489868164062,1.71775996685028,6.20285892486572,0.102080963551998,52378.118411405,109272.348855644,117143.127673388,239,1358,1119,11.07689858,20.81388918,"284"
"SM00505",2,1.09861228866811,"12/06/2019","16:32",255,"JumeauWest",-23.66948333,168.0135333,"Summit250",-0.0110522406175733,-0.0688608586788177,35.5249938964844,0.424644738435745,27.8829956054688,24.1011657714844,20.6270141601562,1.71753787994385,6.20285892486572,0.101237028837204,52422.1930870431,110525.019364826,117975.217817635,239,1358,1119,11.07689858,20.81388918,"264"
"SM00506",4,1.6094379124341,"13/06/2019","15:40",247,"JumeauWest",-23.67873333,168.0125,"Summit250",-0.0110522406175733,-0.0688608586788177,35.5249938964844,0.424644738435745,27.8729858398438,24.0976867675781,20.6090087890625,1.71716344356537,6.20285892486572,0.101237028837204,52538.5188829941,110902.125465368,118870.309781479,239,1358,1119,11.07689858,20.81388918,"253"
"SM00508",7,2.07944154167984,"14/06/2019","07:07",260,"JumeauWest",-23.6962,168.0123833,"Summit250",-0.0110522406175733,-0.0688608586788177,35.5249938964844,0.424644738435745,27.8940124511719,24.0901489257812,20.552001953125,1.71712398529053,6.20285892486572,0.101237028837204,52747.9678375543,112758.06702954,120640.497572286,239,1358,1119,11.07689858,20.81388918,"268"
"SM00509",4,1.6094379124341,"13/06/2019","15:01",258,"JumeauWest",-23.68828333,168.0027333,"Summit250",-0.0110522406175733,-0.0688608586788177,35.5249938964844,0.424644738435745,27.9079895019531,24.0912475585938,20.56201171875,1.7153388261795,6.20285892486572,0.101237028837204,52410.081077958,111367.166167244,119445.835561036,239,1358,1119,11.07689858,20.81388918,"261"
"SM00511_150",5,1.79175946922805,"12/06/2019","14:57",150,"JumeauWest",-23.63465,168.05225,"Pelagic",-0.00858553778380156,-0.0511248074471951,35.5244903564453,0.425216823816299,28.0650024414062,24.1229553222656,20.5650024414062,1.72286367416382,3.99822616577148,0.102039135992527,53006.4264754879,108340.602240069,116169.429975578,239,1358,1119,11.07689858,20.81388918,"1120"
"SM00511_250",1,0.693147180559945,"12/06/2019","13:41",250,"JumeauWest",-23.6363167,168.0552,"Pelagic",-0.00858553778380156,-0.0511248074471951,35.5244903564453,0.425216823816299,28.1319885253906,24.1225891113281,20.4679870605469,1.72441446781158,3.99822616577148,0.102039135992527,53078.6349810708,108642.547279783,116469.457362032,239,1358,1119,11.07689858,20.81388918,"1125"
"SM00511_80",2,1.09861228866811,"12/06/2019","14:57",80,"JumeauWest",-23.6349667,168.0522,"Pelagic",-0.00858553778380156,-0.0511248074471951,35.5244903564453,0.425216823816299,28.0650024414062,24.1229553222656,20.5650024414062,1.72286367416382,3.99822616577148,0.102039135992527,53006.4264754879,108369.516816194,116198.554783809,239,1358,1119,11.07689858,20.81388918,"1118"
"SM00601",5,1.79175946922805,"19/06/2019","06:32",483,"Stylaster",-23.69521667,167.75485,"Summit500",-0.0420802310109138,-0.0798777863383293,35.5444030761719,0.425208568572998,27.9429931640625,24.0150756835938,20.6260070800781,1.69144666194916,8.7478666305542,0.10312157869339,47117.0827233423,104848.088959166,112750.91090497,434,1235,801,97.83488173,27.62412779,"488"
"SM00602",4,1.6094379124341,"14/06/2019","16:40",483,"Stylaster",-23.64058333,167.6847667,"Summit500",-0.0470993928611279,-0.0722002387046814,35.5555534362793,0.423769503831863,27.9450073242188,24.0111999511719,20.6000061035156,1.68425297737122,8.21546459197998,0.103323616087437,44774.0344894107,96751.1869707353,105427.89665936,434,1235,801,97.83488173,27.62412779,"488"
"SM00603",5,1.79175946922805,"15/06/2019","14:46",461,"Stylaster",-23.6223333,167.7141667,"Summit500",-0.0312095899134874,-0.0881404802203178,35.5389671325684,0.424386382102966,27.9859924316406,24.0258178710938,20.6629943847656,1.68855893611908,7.30050230026245,0.103214383125305,45299.0602152502,96213.6766504742,104066.298503326,434,1235,801,97.83488173,27.62412779,"466"
"SM00604",4,1.6094379124341,"15/06/2019","16:27",491,"Stylaster",-23.5963333,167.6903333,"Summit500",-0.0360320173203945,-0.0756707713007927,35.552173614502,0.425481647253036,27.9670104980469,24.0304260253906,20.7260131835938,1.68744623661041,8.21190547943115,0.103262923657894,44408.5324710764,93066.8051523474,100780.108984098,434,1235,801,97.83488173,27.62412779,"484"
"SM00605",3,1.38629436111989,"15/06/2019","15:39",464,"Stylaster",-23.6161667,167.6881667,"Summit500",-0.0360320173203945,-0.0756707713007927,35.552173614502,0.425481647253036,27.9500122070312,24.0210571289062,20.6390075683594,1.68666648864746,8.21190547943115,0.103262923657894,44592.4105873193,95108.8565925477,102867.587008316,434,1235,801,97.83488173,27.62412779,"471"
"SM00606",4,1.6094379124341,"14/06/2019","14:58",470,"Stylaster",-23.66183333,167.6998333,"Summit500",-0.0470993928611279,-0.0722002387046814,35.5555534362793,0.423769503831863,27.885986328125,24.0079956054688,20.614990234375,1.68376231193542,8.21546459197998,0.103323616087437,45451.8771893906,99504.9867010397,108066.263017149,434,1235,801,97.83488173,27.62412779,"476"
"SM00607",10,2.39789527279837,"14/06/2019","13:17",477,"Stylaster",-23.68641667,167.7210167,"Summit500",-0.0420802310109138,-0.0798777863383293,35.5444030761719,0.423409342765808,27.9119873046875,24.0062255859375,20.5799865722656,1.68536388874054,8.7478666305542,0.1031658872962,46264.1121471201,102962.645905235,111186.8426768,434,1235,801,97.83488173,27.62412779,"486"
"SM00608",3,1.38629436111989,"14/06/2019","12:20",471,"Stylaster",-23.67705,167.7420333,"Summit500",-0.0420802310109138,-0.0798777863383293,35.5444030761719,0.423409342765808,27.927001953125,24.014892578125,20.6390075683594,1.68975484371185,8.7478666305542,0.1031658872962,46613.5947064546,102631.95188114,110530.399419102,434,1235,801,97.83488173,27.62412779,"480"
"SM00609",5,1.79175946922805,"14/06/2019","15:49",434,"Stylaster",-23.64386667,167.7252167,"Summit500",-0.0420802310109138,-0.0798777863383293,35.5444030761719,0.422532439231873,27.968994140625,24.0237426757812,20.635986328125,1.68962442874908,8.7478666305542,0.103335209190845,45800.1285915091,98715.6273696072,106608.172496039,434,1235,801,97.83488173,27.62412779,"439"
"SM00610",25,3.25809653802148,"14/06/2019","14:10",455,"Stylaster",-23.66416667,167.7202167,"Summit500",-0.0420802310109138,-0.0798777863383293,35.5444030761719,0.422532439231873,27.947998046875,24.0130615234375,20.6260070800781,1.68654155731201,8.7478666305542,0.103335209190845,45935.1697216113,100853.546079385,108740.539408707,434,1235,801,97.83488173,27.62412779,"461"
"SM00611_1000",5,1.79175946922805,"15/06/2019","08:43",1000,"Stylaster",-23.6199,167.7787833,"Pelagic",-0.0312095899134874,-0.0881404802203178,35.5389671325684,0.423800855875015,27.947998046875,24.0484008789062,20.56201171875,1.69723904132843,7.30050230026245,0.103463843464851,46843.231301512,97177.3051741252,105092.831850424,434,1235,801,97.83488173,27.62412779,"1099"
"SM00611_150",6,1.94591014905531,"15/06/2019","09:59",150,"Stylaster",-23.6205,167.7789833,"Pelagic",-0.0312095899134874,-0.0881404802203178,35.5389671325684,0.423800855875015,27.947998046875,24.0484008789062,20.56201171875,1.69723904132843,7.30050230026245,0.103463843464851,46843.231301512,97246.6847104167,105162.219567504,434,1235,801,97.83488173,27.62412779,"1100"
"SM00611_20",5,1.79175946922805,"15/06/2019","09:59",20,"Stylaster",-23.6209667,167.7792833,"Pelagic",-0.0312095899134874,-0.0881404802203178,35.5389671325684,0.423800855875015,27.947998046875,24.0484008789062,20.56201171875,1.69723904132843,7.30050230026245,0.103463843464851,46843.231301512,97303.9664780067,105219.531488734,434,1235,801,97.83488173,27.62412779,"1098"
"SM00611_250",6,1.94591014905531,"15/06/2019","08:43",250,"Stylaster",-23.6207833,167.7799667,"Pelagic",-0.0312095899134874,-0.0881404802203178,35.5389671325684,0.423800855875015,27.947998046875,24.0484008789062,20.56201171875,1.69723904132843,7.30050230026245,0.103463843464851,46892.2142972135,97299.8847501195,105215.567590829,434,1235,801,97.83488173,27.62412779,"1105"
"SM00611_80",2,1.09861228866811,"15/06/2019","09:59",80,"Stylaster",-23.6205,167.7792167,"Pelagic",-0.0312095899134874,-0.0881404802203178,35.5389671325684,0.423800855875015,27.947998046875,24.0484008789062,20.56201171875,1.69723904132843,7.30050230026245,0.103463843464851,46843.231301512,97252.043196212,105167.616540621,434,1235,801,97.83488173,27.62412779,"1100"
"SM00612_1000",3,1.38629436111989,"19/06/2019","07:25",1000,"Stylaster",-23.7069,167.7992667,"Pelagic",-0.0332475192844868,-0.0839485973119736,35.5349464416504,0.427407830953598,27.8880004882812,24.0272521972656,20.6380004882812,1.6988490819931,4.3580379486084,0.10329781472683,48333.8589077866,107041.9660333,114957.27633595,434,1235,801,97.83488173,27.62412779,"1104"
"SM00701",11,2.484906649788,"17/06/2019","13:25",236,"KaimonMaru",-24.7063,168.1398833,"Summit250",-0.0446831323206425,-0.0300897378474474,35.6040420532227,0.423921406269073,27.93701171875,23.6118469238281,19.625,1.77425467967987,6.13952970504761,0.0979770720005035,77133.8219322584,218909.306189656,230859.512788687,236,2035,1799,38.98150395,21.02308355,"244"
"SM00702",11,2.484906649788,"17/06/2019","10:27",304,"KaimonMaru",-24.72156667,168.1165667,"Summit250",-0.0362489260733128,-0.0348264127969742,35.6080780029297,0.422879993915558,27.9649963378906,23.6109008789062,19.6650085449219,1.77315640449524,5.31857490539551,0.098143681883812,77327.3469570324,219124.228834845,231883.282392131,236,2035,1799,38.98150395,21.02308355,"312"
"SM00703",6,1.94591014905531,"16/06/2019","16:31",275,"KaimonMaru",-24.72888333,168.1480833,"Summit250",-0.0349726974964142,-0.0289043076336384,35.6091728210449,0.424412190914154,27.9500122070312,23.6028137207031,19.6279907226562,1.77743458747864,7.59263277053833,0.098388560116291,77792.0226725245,221475.821147219,233493.686384036,236,2035,1799,38.98150395,21.02308355,"284"
"SM00704",7,2.07944154167984,"17/06/2019","09:05",256,"KaimonMaru",-24.71953333,168.1606167,"Summit250",-0.0349726974964142,-0.0289043076336384,35.6091728210449,0.424412190914154,27.9400024414062,23.6055297851562,19.6000061035156,1.77669191360474,7.59263277053833,0.098388560116291,77642.4356607887,221264.537272546,232835.675274837,236,2035,1799,38.98150395,21.02308355,"265"
"SM00705",1,0.693147180559945,"17/06/2019","09:45",230,"KaimonMaru",-24.74338333,168.13055,"Summit250",-0.0349726974964142,-0.0289043076336384,35.6091728210449,0.424412190914154,27.9660034179688,23.6022033691406,19.6130065917969,1.77668011188507,7.59263277053833,0.098388560116291,77990.0527773027,221528.402326921,234582.724636639,236,2035,1799,38.98150395,21.02308355,"238"
"SM00706",5,1.79175946922805,"16/06/2019","15:12",235,"KaimonMaru",-24.75833333,168.1481333,"Summit250",-0.0349726974964142,-0.0289043076336384,35.6091728210449,0.425257235765457,27.9670104980469,23.5894470214844,19.5530090332031,1.77992033958435,7.59263277053833,0.0983134359121323,78585.1972118267,224265.199550987,236644.616317573,236,2035,1799,38.98150395,21.02308355,"242"
"SM00707",7,2.07944154167984,"16/06/2019","14:35",267,"KaimonMaru",-24.77163333,168.1363667,"Summit250",-0.0349726974964142,-0.0289043076336384,35.6091728210449,0.425257235765457,27.9609985351562,23.5869445800781,19.5400085449219,1.77986407279968,7.59263277053833,0.0983134359121323,78840.6405532167,224917.001006449,237761.005477941,236,2035,1799,38.98150395,21.02308355,"273"
"SM00708",5,1.79175946922805,"16/06/2019","13:51",257,"KaimonMaru",-24.80281667,168.14795,"Summit250",-0.0252420864999294,-0.0276028569787741,35.6148223876953,0.423023104667664,27.9179992675781,23.5740051269531,19.5249938964844,1.78352570533752,3.9171245098114,0.0983743816614151,79748.5174583883,228488.986671894,241403.004667056,236,2035,1799,38.98150395,21.02308355,"261"
"SM00709",7,2.07944154167984,"16/06/2019","13:09",320,"KaimonMaru",-24.77823333,168.1586,"Summit250",-0.0349726974964142,-0.0289043076336384,35.6091728210449,0.425257235765457,27.9440002441406,23.5789184570312,19.5169982910156,1.78324568271637,7.59263277053833,0.0983134359121323,79209.5727803704,226701.324631644,239051.635855365,236,2035,1799,38.98150395,21.02308355,"325"
"SM00710",8,2.19722457733622,"16/06/2019","15:49",255,"KaimonMaru",-24.7416,168.1592333,"Summit250",-0.0349726974964142,-0.0289043076336384,35.6091728210449,0.424412190914154,27.9540100097656,23.5969543457031,19.6300048828125,1.77911496162415,7.59263277053833,0.098388560116291,78257.8099295251,223268.358424411,235153.537964219,236,2035,1799,38.98150395,21.02308355,"263"
"SM00711_150",1,0.693147180559945,"17/06/2019","12:39",150,"KaimonMaru",-24.6522833,168.12495,"Pelagic",-0.0455053672194481,-0.0363346822559834,35.6028060913086,0.422709852457047,27.9460144042969,23.6380004882812,19.7990112304688,1.76911020278931,5.55913162231445,0.0977369397878647,75552.8857126135,213029.891389327,224684.348041868,236,2035,1799,38.98150395,21.02308355,"1391"
"SM00711_20",2,1.09861228866811,"17/06/2019","12:39",20,"KaimonMaru",-24.6522833,168.12495,"Pelagic",-0.0455053672194481,-0.0363346822559834,35.6028060913086,0.422709852457047,27.9460144042969,23.6380004882812,19.7990112304688,1.76911020278931,5.55913162231445,0.0977369397878647,75552.8857126135,213029.891389327,224684.348041868,236,2035,1799,38.98150395,21.02308355,"1391"
"SM00711_500",6,1.94591014905531,"17/06/2019","11:23",500,"KaimonMaru",-24.6531333,168.1251167,"Pelagic",-0.0446831323206425,-0.0300897378474474,35.6040420532227,0.42358335852623,27.9509887695312,23.6363525390625,19.8169860839844,1.76982092857361,6.13952970504761,0.0980147644877434,75552.8857126135,213118.590495469,224779.686931673,236,2035,1799,38.98150395,21.02308355,"1385"
"SM00711_80",2,1.09861228866811,"17/06/2019","12:39",80,"KaimonMaru",-24.6522833,168.12495,"Pelagic",-0.0455053672194481,-0.0363346822559834,35.6028060913086,0.422709852457047,27.9460144042969,23.6380004882812,19.7990112304688,1.76911020278931,5.55913162231445,0.0977369397878647,75552.8857126135,213029.891389327,224684.348041868,236,2035,1799,38.98150395,21.02308355,"1391"
"SM00801",11,2.484906649788,"11/08/2020","",525,"Eponge",-24.91262002,168.359085,"Summit500",-0.0112086161971092,-0.0139124048873782,35.6198692321777,0.424936652183533,27.7109985351562,23.5136108398438,19.5700073242188,1.79237484931946,3.17073965072632,0.0978880971670151,84663.3555762461,250135.449444322,259254.896748527,511,2443,1932,19.93901481,41.33763054,"530"
"SM00802",14,2.70805020110221,"11/08/2020","",512,"Eponge",-24.92949698,168.354447,"Summit500",-0.0112086161971092,-0.0139124048873782,35.6198692321777,0.421287357807159,27.7820129394531,23.5059814453125,19.5660095214844,1.79271078109741,3.17073965072632,0.0979849025607109,85047.6862975664,251442.888777997,260876.890026932,511,2443,1932,19.93901481,41.33763054,"518"
"SM00803",4,1.6094379124341,"11/08/2020","",530,"Eponge",-24.93937396,168.358699,"Summit500",-0.0112086161971092,-0.0139124048873782,35.6198692321777,0.421287357807159,27.81201171875,23.5003662109375,19.5539855957031,1.79466998577118,3.17073965072632,0.0979849025607109,85350.0720297124,252595.2210666,262052.021348139,511,2443,1932,19.93901481,41.33763054,"536"
"SM00804",5,1.79175946922805,"11/08/2020","",541,"Eponge",-24.92713203,168.368084,"Summit500",-0.0112086161971092,-0.0139124048873782,35.6198692321777,0.421287357807159,27.7630004882812,23.5036010742188,19.5509948730469,1.79450285434723,3.17073965072632,0.0979849025607109,85128.7981083779,251979.741356819,261071.881896873,511,2443,1932,19.93901481,41.33763054,"545"
"SM00805",11,2.484906649788,"11/08/2020","",536,"Eponge",-24.91199004,168.370696,"Summit500",-0.0112086161971092,-0.0139124048873782,35.6198692321777,0.424936652183533,27.6950073242188,23.5124206542969,19.56298828125,1.79363453388214,3.17073965072632,0.0978880971670151,84778.184697854,250726.1445553,259570.271295774,511,2443,1932,19.93901481,41.33763054,"541"
"SM00806",14,2.70805020110221,"11/08/2020","",537,"Eponge",-24.90734998,168.371736,"Summit500",-0.0112086161971092,-0.0139124048873782,35.6198692321777,0.424936652183533,27.6950073242188,23.5124206542969,19.56298828125,1.79363453388214,3.17073965072632,0.0978880971670151,84638.8620364876,250356.516387531,259118.56040308,511,2443,1932,19.93901481,41.33763054,"543"
"SM00807",6,1.94591014905531,"11/08/2020","",565,"Eponge",-24.893072,168.371279,"Summit500",-0.0112086161971092,-0.0139124048873782,35.6198692321777,0.424936652183533,27.6629943847656,23.5208740234375,19.5769958496094,1.7921359539032,3.17073965072632,0.0978880971670151,84249.9705530033,249015.904194432,257608.169422785,511,2443,1932,19.93901481,41.33763054,"570"
"SM00809",7,2.07944154167984,"11/08/2020","",537,"Eponge",-24.89011201,168.362222,"Summit500",-0.0112086161971092,-0.0139124048873782,35.6198692321777,0.424936652183533,27.6730041503906,23.5221862792969,19.5840148925781,1.79103243350983,3.17073965072632,0.0978880971670151,84120.5720313149,248232.779528488,256997.44378799,511,2443,1932,19.93901481,41.33763054,"542"
"SM00810",13,2.63905732961526,"11/08/2020","",526,"Eponge",-24.90104101,168.361453,"Summit500",-0.0112086161971092,-0.0139124048873782,35.6198692321777,0.424936652183533,27.6849975585938,23.51806640625,19.5769958496094,1.79172587394714,3.17073965072632,0.0978880971670151,84365.5489340805,248369.611070568,258117.761878173,511,2443,1932,19.93901481,41.33763054,"530"
"SM00811_20",7,2.07944154167984,"12/08/2020","08:07",20,"Eponge",-24.90679904,168.336128,"Pelagic",-0.0112086161971092,-0.0139124048873782,35.6198692321777,0.424936652183533,27.7250061035156,23.5160217285156,19.5849914550781,1.79024434089661,3.17073965072632,0.0978880971670151,84294.3929176533,248322.955571378,257902.542526608,511,2443,1932,19.93901481,41.33763054,"1234"
"SM00811_250",12,2.56494935746154,"12/08/2020","06:32",250,"Eponge",-24.90718704,168.336693,"Pelagic",-0.0112086161971092,-0.0139124048873782,35.6198692321777,0.424936652183533,27.7250061035156,23.5160217285156,19.5849914550781,1.79024434089661,3.17073965072632,0.0978880971670151,84294.3929176533,248390.18127266,257961.388158587,511,2443,1932,19.93901481,41.33763054,"1256"
"SM00811_80",8,2.19722457733622,"12/08/2020","08:07",80,"Eponge",-24.90679904,168.336128,"Pelagic",-0.0112086161971092,-0.0139124048873782,35.6198692321777,0.424936652183533,27.7250061035156,23.5160217285156,19.5849914550781,1.79024434089661,3.17073965072632,0.0978880971670151,84294.3929176533,248322.955571378,257902.542526608,511,2443,1932,19.93901481,41.33763054,"1229"
"SM00901",3,1.38629436111989,"10/08/2020","",20,"Crypthelia",-23.29105301,168.239663,"Summit250",-0.0331365428864956,-0.0294037014245987,35.4832153320312,0.428480982780457,28.2879943847656,24.3335571289062,20.802001953125,1.73481094837189,10.4225368499756,0.0985174179077148,52931.9718802924,89592.5322832316,96902.9452353938,195,1822,1627,5.655226441,18.06345621,"215"
"SM00902",1,0.693147180559945,"10/08/2020","",232,"Crypthelia",-23.29701698,168.238157,"Summit250",-0.0365818552672863,-0.0122477589175105,35.4914131164551,0.426228582859039,28.2869873046875,24.3283996582031,20.8370056152344,1.73581659793854,9.84589099884033,0.0983508229255676,52952.5165444218,89946.9408797332,97240.2879308434,195,1822,1627,5.655226441,18.06345621,"236"
"SM00903",9,2.30258509299405,"10/08/2020","",205,"Crypthelia",-23.30296897,168.242996,"Summit250",-0.0365818552672863,-0.0122477589175105,35.4914131164551,0.426228582859039,28.2869873046875,24.3283996582031,20.8370056152344,1.73581659793854,9.84589099884033,0.0983508229255676,53120.3757867295,90633.9285265314,98052.9937483494,195,1822,1627,5.655226441,18.06345621,"212"
"SM00904",9,2.30258509299405,"10/08/2020","",208,"Crypthelia",-23.300443,168.249724,"Summit250",-0.0365818552672863,-0.0122477589175105,35.4914131164551,0.426228582859039,28.302001953125,24.3308715820312,20.8380126953125,1.73673117160797,9.84589099884033,0.0983508229255676,53293.5616310313,91072.6523147727,98366.0502420771,195,1822,1627,5.655226441,18.06345621,"213"
"SM00906",10,2.39789527279837,"10/08/2020","",209,"Crypthelia",-23.31247103,168.247468,"Summit250",-0.0365818552672863,-0.0122477589175105,35.4914131164551,0.426228582859039,28.3280029296875,24.3258056640625,20.8699951171875,1.73797309398651,9.84589099884033,0.0983508229255676,53334.6787519614,91642.090944732,99108.7198999404,195,1822,1627,5.655226441,18.06345621,"215"
"SM00907",27,3.3322045101752,"10/08/2020","",232,"Crypthelia",-23.320101,168.252402,"Summit250",-0.0365818552672863,-0.0122477589175105,35.4914131164551,0.427374839782715,28.364990234375,24.3205871582031,20.8989868164062,1.73918700218201,9.84589099884033,0.0973730310797691,53574.8595299569,92680.6877304767,100057.445232368,195,1822,1627,5.655226441,18.06345621,"236"
"SM00909",18,2.94443897916644,"10/08/2020","",207,"Crypthelia",-23.31423601,168.258178,"Summit250",-0.0365818552672863,-0.0122477589175105,35.4914131164551,0.427374839782715,28.3900146484375,24.3280029296875,20.8770141601562,1.73886120319366,9.84589099884033,0.0973730310797691,53652.4784394268,92724.9436578435,100041.312652369,195,1822,1627,5.655226441,18.06345621,"211"
"SM00910",1,0.693147180559945,"10/08/2020","",204,"Crypthelia",-23.31088501,168.255161,"Summit250",-0.0365818552672863,-0.0122477589175105,35.4914131164551,0.427374839782715,28.3900146484375,24.3280029296875,20.8770141601562,1.73886120319366,9.84589099884033,0.0973730310797691,53507.8464991438,92060.0059429864,99561.9805162165,195,1822,1627,5.655226441,18.06345621,"201"
"SM00911_150",1,0.693147180559945,"09/08/2020","13:36",150,"Crypthelia",-23.30212399,168.198126,"Pelagic",-0.0471649691462517,-0.0133524788543582,35.4930381774902,0.426344305276871,28.343994140625,24.3180236816406,20.8810119628906,1.73215699195862,12.2831869125366,0.0988209024071693,52040.1655857914,87303.7900458274,94689.2843044231,195,1822,1627,5.655226441,18.06345621,"1190"
"SM00911_20",12,2.56494935746154,"09/08/2020","13:36",20,"Crypthelia",-23.30197496,168.198543,"Pelagic",-0.0471649691462517,-0.0133524788543582,35.4930381774902,0.426344305276871,28.343994140625,24.3180236816406,20.8810119628906,1.73215699195862,12.2831869125366,0.0988209024071693,52040.1655857914,87323.0446989576,94707.7583771314,195,1822,1627,5.655226441,18.06345621,"1190"
"SM00911_250",7,2.07944154167984,"09/08/2020","12:20",250,"Crypthelia",-23.30129896,168.198542,"Pelagic",-0.0471649691462517,-0.0133524788543582,35.4930381774902,0.426344305276871,28.343994140625,24.3180236816406,20.8810119628906,1.73215699195862,12.2831869125366,0.0988209024071693,52016.9304908101,87270.9695230375,94654.6815910755,195,1822,1627,5.655226441,18.06345621,"1190"
"SM00911_500",3,1.38629436111989,"09/08/2020","12:20",500,"Crypthelia",-23.30125898,168.198428,"Pelagic",-0.0471649691462517,-0.0133524788543582,35.4930381774902,0.426344305276871,28.343994140625,24.3180236816406,20.8810119628906,1.73215699195862,12.2831869125366,0.0988209024071693,52016.9304908101,87259.4884637478,94643.2947222934,195,1822,1627,5.655226441,18.06345621,"1190"
"SM01003",6,1.94591014905531,"06/08/2020","",40,"Torche",-22.885215,167.658801,"Summit50",0.0726491883397102,-0.00376815325580537,35.5007438659668,0.428717851638794,28.4259948730469,24.119873046875,20.875,1.62378966808319,15.3469715118408,0.12536546587944,33929.6771424939,16131.198584822,23883.984173954,45,1363,1318,25.54291252,2.763461196,"45"
"SM01004",10,2.39789527279837,"06/08/2020","",45,"Torche",-22.88703396,167.672275,"Summit50",0.0726491883397102,-0.00376815325580537,35.5007438659668,0.426545947790146,28.4400024414062,24.1304321289062,20.8699951171875,1.62797546386719,15.3469715118408,0.124314427375793,34297.6366292311,17704.5858945573,24747.3413599611,45,1363,1318,25.54291252,2.763461196,"49"
"SM01005",6,1.94591014905531,"06/08/2020","",40,"Torche",-22.87100298,167.670061,"Summit50",0.0372880697250366,-0.0143563104793429,35.4862403869629,0.431369483470917,28.3999938964844,24.124755859375,20.8729858398438,1.62786257266998,22.8776245117188,0.126722648739815,34062.8742445187,15586.952827478,23120.8191330602,45,1363,1318,25.54291252,2.763461196,"46"
"SM01006",1,0.693147180559945,"06/08/2020","",48,"Torche",-22.85492498,167.679696,"Summit50",0.0372880697250366,-0.0143563104793429,35.4862403869629,0.431369483470917,28.3689880371094,24.1414794921875,20.8710021972656,1.63217425346375,22.8776245117188,0.126722648739815,34100.4337381712,14706.8316688374,22236.4000845435,45,1363,1318,25.54291252,2.763461196,"51"
"SM01008",2,1.09861228866811,"06/08/2020","",46,"Torche",-22.87505999,167.69797,"Summit50",0.0726491883397102,-0.00376815325580537,35.5007438659668,0.426545947790146,28.4179992675781,24.1717834472656,20.8559875488281,1.63961577415466,15.3469715118408,0.124314427375793,34775.8559633509,17621.9627597978,25149.1280331608,45,1363,1318,25.54291252,2.763461196,"49"
"SM01010",11,2.484906649788,"06/08/2020","",45,"Torche",-22.87074298,167.68451,"Summit50",0.0372880697250366,-0.0143563104793429,35.4862403869629,0.431369483470917,28.3970031738281,24.1396484375,20.8680114746094,1.63230609893799,22.8776245117188,0.126722648739815,34393.9238118913,16380.669240814,23936.4591139319,45,1363,1318,25.54291252,2.763461196,"50"
"SM01011_150",9,2.30258509299405,"05/08/2020","14:43",150,"Torche",-22.79371496,167.751601,"Pelagic",0.0385491661727428,0.00469631934538484,35.4697456359863,0.434108108282089,28.5249938964844,24.3362121582031,20.7950134277344,1.67460060119629,11.0156650543213,0.11977955698967,35178.9194746433,17316.9001332138,23586.9039722277,45,1363,1318,25.54291252,2.763461196,"1040"
"SM01011_20",9,2.30258509299405,"05/08/2020","14:43",20,"Torche",-22.79371496,167.751601,"Pelagic",0.0385491661727428,0.00469631934538484,35.4697456359863,0.434108108282089,28.5249938964844,24.3362121582031,20.7950134277344,1.67460060119629,11.0156650543213,0.11977955698967,35178.9194746433,17316.9001332138,23586.9039722277,45,1363,1318,25.54291252,2.763461196,"1040"
"SM01011_250",5,1.79175946922805,"05/08/2020","13:09",250,"Torche",-22.79000496,167.760256,"Pelagic",0.0208736509084702,-0.0097810560837388,35.4514350891113,0.438207149505615,28.5180053710938,24.3558349609375,20.7909851074219,1.6786208152771,3.80134391784668,0.120456092059612,35329.7626605727,18002.9859617039,24200.3456201117,45,1363,1318,25.54291252,2.763461196,"1070"
"SM01011_500",9,2.30258509299405,"05/08/2020","13:09",500,"Torche",-22.78951404,167.761026,"Pelagic",0.0208736509084702,-0.0097810560837388,35.4514350891113,0.438207149505615,28.5180053710938,24.3558349609375,20.7909851074219,1.6786208152771,3.80134391784668,0.120456092059612,35306.6157136743,18059.4216552768,24248.463895712,45,1363,1318,25.54291252,2.763461196,"1070"
"SM01011_80",26,3.29583686600433,"05/08/2020","14:43",80,"Torche",-22.79371496,167.751601,"Pelagic",0.0385491661727428,0.00469631934538484,35.4697456359863,0.434108108282089,28.5249938964844,24.3362121582031,20.7950134277344,1.67460060119629,11.0156650543213,0.11977955698967,35178.9194746433,17316.9001332138,23586.9039722277,45,1363,1318,25.54291252,2.763461196,"1040"
"SM01101",13,2.63905732961526,"23/08/2020","",127,"Poum",-20.12753198,163.771739,"DeepSlope",-0.00605830224230886,-0.0712014511227608,35.2896614074707,1.87808859348297,29.3110046386719,25.3074340820312,22.1960144042969,1.74249684810638,4.39526557922363,0.235032230615616,87627.4199253966,371.519535484037,7329.38237511151,0,3521,3521,682.5225716,8.604357235,"132"
"SM01102",13,2.63905732961526,"23/08/2020","",102,"Poum",-20.13422099,163.774574,"DeepSlope",-0.00605830224230886,-0.0712014511227608,35.2896614074707,1.87808859348297,29.3110046386719,25.3074340820312,22.1960144042969,1.74249684810638,4.39526557922363,0.235032230615616,87323.5112423516,201.348345001089,7766.4090135483,0,3521,3521,682.5225716,8.604357235,"107"
"SM01103",21,3.09104245335832,"23/08/2020","",113,"Poum",-20.13638302,163.776806,"DeepSlope",-0.00605830224230886,-0.0712014511227608,35.2896614074707,1.87808859348297,29.3770141601562,25.3059387207031,22.1669921875,1.75070905685425,4.39526557922363,0.235032230615616,87250.4260258669,178.811706391232,7847.83014779954,0,3521,3521,682.5225716,8.604357235,"120"
"SM01104",23,3.17805383034795,"23/08/2020","",157,"Poum",-20.14103397,163.781246,"DeepSlope",-0.00605830224230886,-0.0712014511227608,35.2896614074707,1.87808859348297,29.3770141601562,25.3059387207031,22.1669921875,1.75070905685425,4.39526557922363,0.235032230615616,24232.2911786382,320.134408132703,8073.28653453898,0,3521,3521,682.5225716,8.604357235,"163"
"SM01105",32,3.49650756146648,"23/08/2020","",115,"Poum",-20.14519801,163.783737,"DeepSlope",-0.00605830224230886,-0.0712014511227608,35.2896614074707,1.87808859348297,29.3739929199219,25.3111267089844,22.1730041503906,1.74542534351349,4.39526557922363,0.235032230615616,24150.5703404301,210.839080722269,8353.69996309499,0,3521,3521,682.5225716,8.604357235,"120"
"SM01106",19,2.99573227355399,"23/08/2020","",118,"Poum",-20.15418802,163.787784,"DeepSlope",-0.00605830224230886,-0.0712014511227608,35.2896614074707,1.87808859348297,29.43798828125,25.3061828613281,22.1369934082031,1.75920748710632,4.39526557922363,0.235032230615616,23983.1596262084,123.395927867065,9072.20159928563,0,3521,3521,682.5225716,8.604357235,"123"
"SM01107",17,2.89037175789616,"23/08/2020","",179,"Poum",-20.15984799,163.79055,"DeepSlope",-0.00605830224230886,-0.0712014511227608,35.2896614074707,1.87808859348297,29.4200134277344,25.3103332519531,22.1440124511719,1.75327980518341,4.39526557922363,0.235032230615616,23875.5428524428,104.830332786072,9551.97268230813,0,3521,3521,682.5225716,8.604357235,"185"
"SM01108",17,2.89037175789616,"23/08/2020","",99,"Poum",-20.16414497,163.794725,"DeepSlope",-0.0150373019278049,-0.0453439466655254,35.296989440918,2.26737427711487,29.4200134277344,25.3103332519531,22.1440124511719,1.75327980518341,25.9513530731201,0.228669688105583,23781.8617413934,19.3500177099486,9869.53638695877,0,3521,3521,682.5225716,8.604357235,"105"
"SM01109",17,2.89037175789616,"23/08/2020","",96,"Poum",-20.17213401,163.80424,"DeepSlope",-0.0150373019278049,-0.0453439466655254,35.296989440918,3.32932305335999,29.4469909667969,25.3097534179688,22.1159973144531,1.76142179965973,25.9513530731201,0.259839028120041,23600.48647132,50,10497.9338072086,0,3521,3521,682.5225716,8.604357235,"100"
"SM01110",28,3.36729582998647,"23/08/2020","",99,"Poum",-20.17510599,163.80578,"DeepSlope",-0.0150373019278049,-0.0453439466655254,35.296989440918,3.32932305335999,29.4660034179688,25.3106079101562,22.0910034179688,1.76873314380646,25.9513530731201,0.259839028120041,23579.944089698,14.8714964245113,10794.4680131275,0,3521,3521,682.5225716,8.604357235,"106"
"SM01111_150",7,2.07944154167984,"22/08/2020","09:42",150,"Poum",-20.16684604,163.716167,"Pelagic",-0.00605830224230886,-0.0712014511227608,35.2896614074707,0.474041998386383,29.2999877929688,25.3845825195312,22.1119995117188,1.71430611610413,4.39526557922363,0.116334013640881,87767.7201911066,7304.21345012542,14451.9677139274,0,3521,3521,682.5225716,8.604357235,"1380"
"SM01111_250",4,1.6094379124341,"22/08/2020","08:18",250,"Poum",-20.16812101,163.716237,"Pelagic",-0.00605830224230886,-0.0712014511227608,35.2896614074707,0.474041998386383,29.2999877929688,25.3845825195312,22.1119995117188,1.71430611610413,4.39526557922363,0.116334013640881,87744.7832396426,7366.40489898638,14546.377525315,0,3521,3521,682.5225716,8.604357235,"1380"
"SM01111_80",15,2.77258872223978,"22/08/2020","09:42",80,"Poum",-20.16684604,163.716167,"Pelagic",-0.00605830224230886,-0.0712014511227608,35.2896614074707,0.474041998386383,29.2999877929688,25.3845825195312,22.1119995117188,1.71430611610413,4.39526557922363,0.116334013640881,87767.7201911066,7304.21345012542,14451.9677139274,0,3521,3521,682.5225716,8.604357235,"1380"
"SM01201",1,0.693147180559945,"19/08/2020","",230,"GrandLagonNord",-19.46226904,163.22057,"DeepSlope",-0.0929175093770027,-0.0216454416513443,35.2693099975586,2.19865894317627,29.7619934082031,25.5656433105469,22.5379943847656,1.65531015396118,27.6935482025146,0.248220294713974,106498.513976341,261.158073902517,37512.7232055742,0,3393,3393,545.45025633,20.239723665,"235"
"SM01202",16,2.83321334405622,"19/08/2020","",96,"GrandLagonNord",-19.47665901,163.221144,"DeepSlope",-0.0929175093770027,-0.0216454416513443,35.2693099975586,2.19865894317627,29.8250122070312,25.5679931640625,22.4230041503906,1.65094101428986,27.6935482025146,0.248220294713974,106414.492673193,127.499958812728,37426.4058119534,0,3393,3393,545.45025633,20.239723665,"100"
"SM01203",7,2.07944154167984,"19/08/2020","",160,"GrandLagonNord",-19.49032503,163.226925,"DeepSlope",-0.0929175093770027,-0.0216454416513443,35.2693099975586,2.19865894317627,29.7860107421875,25.5609741210938,22.3609924316406,1.65957605838776,27.6935482025146,0.248220294713974,106053.676907836,110.794095754097,36761.8570010554,0,3393,3393,545.45025633,20.239723665,"173"
"SM01206",13,2.63905732961526,"19/08/2020","",131,"GrandLagonNord",-19.41675598,163.177805,"DeepSlope",-0.0768662914633751,-0.0487741269171238,35.2541732788086,0.797235250473022,29.7489929199219,25.6173706054688,22.6449890136719,1.63563883304596,12.9184827804565,0.164219319820404,107859.592345928,385.20020686674,38935.440007775,0,3393,3393,545.45025633,20.239723665,"135"
"SM01207",29,3.40119738166216,"19/08/2020","",100,"GrandLagonNord",-19.41130104,163.190635,"DeepSlope",-0.0768662914633751,-0.0487741269171238,35.2541732788086,3.00029730796814,29.7650146484375,25.6065063476562,22.5859985351562,1.65050268173218,12.9184827804565,0.241010382771492,107610.449887201,179.808301006444,39458.0265836824,0,3393,3393,545.45025633,20.239723665,"107"
"SM01211_150",9,2.30258509299405,"20/08/2020","11:45",150,"GrandLagonNord",-19.49258002,163.190408,"Pelagic",-0.0481738448143005,-0.040793914347887,35.2551956176758,0.663059294223785,29.7349853515625,25.6100463867188,22.614013671875,1.62851548194885,2.27910089492798,0.137970432639122,106342.175943017,3754.34031455894,40355.9018021862,0,3393,3393,545.45025633,20.239723665,"1240"
"SM01211_20",29,3.40119738166216,"20/08/2020","11:45",20,"GrandLagonNord",-19.49258002,163.190408,"Pelagic",-0.0481738448143005,-0.040793914347887,35.2551956176758,0.663059294223785,29.7349853515625,25.6100463867188,22.614013671875,1.62851548194885,2.27910089492798,0.137970432639122,106342.175943017,3754.34031455894,40355.9018021862,0,3393,3393,545.45025633,20.239723665,"1240"
"SM01211_250",8,2.19722457733622,"20/08/2020","10:10",250,"GrandLagonNord",-19.49465797,163.192534,"Pelagic",-0.0481738448143005,-0.040793914347887,35.2551956176758,0.663059294223785,29.7349853515625,25.6100463867188,22.614013671875,1.62851548194885,2.27910089492798,0.137970432639122,106268.947426254,3718.53514413579,40112.4093013105,0,3393,3393,545.45025633,20.239723665,"1240"
"SM01211_500",13,2.63905732961526,"20/08/2020","10:10",500,"GrandLagonNord",-19.49521998,163.191826,"Pelagic",-0.0481738448143005,-0.040793914347887,35.2551956176758,0.663059294223785,29.7369995117188,25.6127014160156,22.6170043945312,1.62903189659119,2.27910089492798,0.137970432639122,106268.947426254,3815.4639202065,40180.906794752,0,3393,3393,545.45025633,20.239723665,"1240"
"SM01211_80",22,3.13549421592915,"20/08/2020","11:45",80,"GrandLagonNord",-19.49258002,163.190408,"Pelagic",-0.0481738448143005,-0.040793914347887,35.2551956176758,0.663059294223785,29.7349853515625,25.6100463867188,22.614013671875,1.62851548194885,2.27910089492798,0.137970432639122,106342.175943017,3754.34031455894,40355.9018021862,0,3393,3393,545.45025633,20.239723665,"1240"
"SM01308",6,1.94591014905531,"09/09/2020","",51,"Capel",-25.05327699,159.50672,"Summit50",-0.029555032029748,-0.0349222533404827,35.6758079528809,0.431835651397705,27.4880065917969,23.4681396484375,19.864990234375,1.82549726963043,19.68701171875,0.0967601165175438,200492.124055606,349204.719802071,687735.229050067,60,3114,3054,4085.328519,2.896921055,"60"
"SM01310",4,1.6094379124341,"09/09/2020","",60,"Capel",-25.04353504,159.520808,"Summit50",-0.029555032029748,-0.0349222533404827,35.6758079528809,0.431835651397705,27.5060119628906,23.4666137695312,19.8110046386719,1.82532203197479,19.68701171875,0.0967601165175438,200037.967278121,348144.749229448,687634.575457652,60,3114,3054,4085.328519,2.896921055,"68"
"SM01312_150",14,2.70805020110221,"09/09/2020","12:35",150,"Capel",-25.00781296,159.405661,"Pelagic",-0.0318048261106014,-0.0431244187057018,35.6670837402344,0.415972501039505,27.6470031738281,23.5226135253906,19.7969970703125,1.81928324699402,2.75147294998169,0.0956869795918465,202408.89918733,344155.989008849,693845.152309656,60,3114,3054,4085.328519,2.896921055,">1100"
"SM01312_20",12,2.56494935746154,"09/09/2020","12:35",20,"Capel",-25.00781296,159.405661,"Pelagic",-0.0318048261106014,-0.0431244187057018,35.6670837402344,0.415972501039505,27.6470031738281,23.5226135253906,19.7969970703125,1.81928324699402,2.75147294998169,0.0956869795918465,202408.89918733,344155.989008849,693845.152309656,60,3114,3054,4085.328519,2.896921055,">1100"
"SM01312_250",7,2.07944154167984,"09/09/2020","10:21",250,"Capel",-25.00823599,159.416355,"Pelagic",-0.0318048261106014,-0.0431244187057018,35.6670837402344,0.415972501039505,27.6270141601562,23.5191650390625,19.7690124511719,1.81928992271423,2.75147294998169,0.0956869795918465,202166.635703578,344188.850379908,693064.866191834,60,3114,3054,4085.328519,2.896921055,">1100"
"SM01312_500",6,1.94591014905531,"09/09/2020","10:21",500,"Capel",-25.00925004,159.415539,"Pelagic",-0.0318048261106014,-0.0431244187057018,35.6670837402344,0.415972501039505,27.6270141601562,23.5191650390625,19.7690124511719,1.81928992271423,2.75147294998169,0.0956869795918465,202215.088400329,344302.526034813,693201.483619625,60,3114,3054,4085.328519,2.896921055,">1100"
"SM01312_80",5,1.79175946922805,"09/09/2020","12:35",80,"Capel",-25.00781296,159.405661,"Pelagic",-0.0318048261106014,-0.0431244187057018,35.6670837402344,0.415972501039505,27.6470031738281,23.5226135253906,19.7969970703125,1.81928324699402,2.75147294998169,0.0956869795918465,202408.89918733,344155.989008849,693845.152309656,60,3114,3054,4085.328519,2.896921055,">1100"
"SM01408",4,1.6094379124341,"12/09/2020","",287,"Argo",-23.12071899,159.447112,"Summit250",0.005225979257375,0.00861075986176729,35.6045074462891,0.41252726316452,28.260986328125,24.1407470703125,20.4309997558594,1.82304131984711,9.40213871002197,0.0788193047046661,180682.727422988,134366.481313245,558299.612355885,299,2550,2251,449.8799498,19.69170755,"300"
"SM01410",1,0.693147180559945,"12/09/2020","",290,"Argo",-23.11608103,159.460754,"Summit250",0.00362186599522829,0.0166918598115444,35.6086692810059,0.412294805049896,28.2319946289062,24.1396484375,20.4549865722656,1.82351803779602,16.9981002807617,0.0787272080779076,180296.468137357,133853.769109681,556869.117901866,299,2550,2251,449.8799498,19.69170755,"299"
"SM01411_150",6,1.94591014905531,"13/09/2020","08:39",150,"Argo",-23.04210202,159.428109,"Pelagic",0.005225979257375,0.00861075986176729,35.6045074462891,0.415863215923309,28.2030029296875,24.1815490722656,20.4840087890625,1.82159686088562,9.40213871002197,0.0786149203777313,180305.496144909,125644.516674786,554669.987449883,299,2550,2251,449.8799498,19.69170755,">1200"
"SM01411_20",15,2.77258872223978,"13/09/2020","08:39",20,"Argo",-23.04210202,159.428109,"Pelagic",0.005225979257375,0.00861075986176729,35.6045074462891,0.415863215923309,28.2030029296875,24.1815490722656,20.4840087890625,1.82159686088562,9.40213871002197,0.0786149203777313,180305.496144909,125644.516674786,554669.987449883,299,2550,2251,449.8799498,19.69170755,">1200"
"SM01411_250",10,2.39789527279837,"13/09/2020","06:48",250,"Argo",-23.041926,159.427071,"Pelagic",0.005225979257375,0.00861075986176729,35.6045074462891,0.415863215923309,28.2030029296875,24.1815490722656,20.4840087890625,1.82159686088562,9.40213871002197,0.0786149203777313,180354.691530725,125626.706298149,554744.739873133,299,2550,2251,449.8799498,19.69170755,">1200"
"SM01411_500",9,2.30258509299405,"13/09/2020","06:48",500,"Argo",-23.041926,159.427071,"Pelagic",0.005225979257375,0.00861075986176729,35.6045074462891,0.415863215923309,28.2030029296875,24.1815490722656,20.4840087890625,1.82159686088562,9.40213871002197,0.0786149203777313,180354.691530725,125626.706298149,554744.739873133,299,2550,2251,449.8799498,19.69170755,">1200"
"SM01411_80",13,2.63905732961526,"13/09/2020","08:39",80,"Argo",-23.04210202,159.428109,"Pelagic",0.005225979257375,0.00861075986176729,35.6045074462891,0.415863215923309,28.2030029296875,24.1815490722656,20.4840087890625,1.82159686088562,9.40213871002197,0.0786149203777313,180305.496144909,125644.516674786,554669.987449883,299,2550,2251,449.8799498,19.69170755,">1200"
"SM01601",16,2.83321334405622,"23/09/2020","",62,"Fairway",-21.03850697,162.209757,"Summit50",-0.0771386846899986,0.0180134866386652,35.4925079345703,0.417285621166229,28.781005859375,24.939697265625,21.260986328125,1.73085105419159,22.4721775054932,0.0783996358513832,115596.1744138,188668.825409115,191214.92753605,62,3026,2964,203.7432756,1.440799298,"65"
"SM01602",24,3.2188758248682,"22/09/2020","",58,"Fairway",-21.05241003,162.300023,"Summit50",-0.0482747331261635,0.0646336600184441,35.4979934692383,0.417873799800873,28.7619934082031,24.9371337890625,21.5700073242188,1.72830200195312,9.5681619644165,0.0769696608185768,113200.532188469,181886.078912041,184615.036564339,62,3026,2964,203.7432756,1.440799298,"63"
"SM01603",8,2.19722457733622,"23/09/2020","",63,"Fairway",-21.04979698,162.218984,"Summit50",-0.0524212159216404,0.0246115382760763,35.505989074707,0.41778826713562,28.8089904785156,24.9360046386719,21.3049926757812,1.73083305358887,25.1635513305664,0.0780664905905724,115258.045302718,188584.076753205,191187.508909339,62,3026,2964,203.7432756,1.440799298,"66"
"SM01604",12,2.56494935746154,"22/09/2020","",56,"Fairway",-21.06202701,162.288767,"Summit50",-0.0524212159216404,0.0246115382760763,35.505989074707,0.417953431606293,28.7739868164062,24.9339599609375,21.5429992675781,1.72710633277893,25.1635513305664,0.0773910507559776,113381.850761967,183460.001945019,186192.325557222,62,3026,2964,203.7432756,1.440799298,"62"
"SM01605",78,4.36944785246702,"23/09/2020","",60,"Fairway",-21.03940601,162.22723,"Summit50",-0.0771386846899986,0.0180134866386652,35.4925079345703,0.417285621166229,28.8320007324219,24.9404602050781,21.3330078125,1.73073887825012,22.4721775054932,0.0783996358513832,115199.250150694,187224.541060614,189830.577305806,62,3026,2964,203.7432756,1.440799298,"66"
"SM01606",23,3.17805383034795,"22/09/2020","",60,"Fairway",-21.06206104,162.288779,"Summit50",-0.0524212159216404,0.0246115382760763,35.505989074707,0.417953431606293,28.7739868164062,24.9339599609375,21.5429992675781,1.72710633277893,25.1635513305664,0.0773910507559776,113381.850761967,183461.226236032,186193.634275053,62,3026,2964,203.7432756,1.440799298,"65"
"SM01607",29,3.40119738166216,"23/09/2020","",64,"Fairway",-21.04087503,162.253709,"Summit50",-0.0771386846899986,0.0180134866386652,35.4925079345703,0.419207215309143,28.8699951171875,24.940185546875,21.4039916992188,1.72930860519409,22.4721775054932,0.0779125094413757,114481.353743339,185055.541808995,187699.063090056,62,3026,2964,203.7432756,1.440799298,"67"
"SM01608",4,1.6094379124341,"22/09/2020","",61,"Fairway",-21.05846101,162.241016,"Summit50",-0.0524212159216404,0.0246115382760763,35.505989074707,0.41778826713562,28.885009765625,24.9329528808594,21.3829956054688,1.72856831550598,25.1635513305664,0.0780664905905724,114619.172059572,187256.963885551,189357.939892157,62,3026,2964,203.7432756,1.440799298,"65"
"SM01609",55,4.02535169073515,"22/09/2020","",60,"Fairway",-21.04802504,162.281692,"Summit50",-0.0524212159216404,0.0246115382760763,35.505989074707,0.417953431606293,28.8009948730469,24.9372863769531,21.5090026855469,1.7280341386795,25.1635513305664,0.0773910507559776,113693.624963097,183142.954628444,185837.696659178,62,3026,2964,203.7432756,1.440799298,"66"
"SM01610",15,2.77258872223978,"22/09/2020","",62,"Fairway",-21.05370504,162.262252,"Summit50",-0.0524212159216404,0.0246115382760763,35.505989074707,0.417953431606293,28.8710021972656,24.9368286132812,21.4440002441406,1.72841608524323,25.1635513305664,0.0773910507559776,114119.951494468,185152.159533637,187831.933766277,62,3026,2964,203.7432756,1.440799298,"67"
"SM01611_150",11,2.484906649788,"24/09/2020","",150,"Fairway",-21.09515204,162.386086,"Pelagic",-0.0440626740455627,0.0776834785938263,35.4958381652832,0.41485920548439,28.7909851074219,24.9251403808594,21.7919921875,1.73471975326538,2.69311356544495,0.0783087462186813,110578.366000909,177699.896302372,180638.505485097,62,3026,2964,203.7432756,1.440799298,">1200"
"SM01611_20",9,2.30258509299405,"24/09/2020","",20,"Fairway",-21.09515204,162.386086,"Pelagic",-0.0440626740455627,0.0776834785938263,35.4958381652832,0.41485920548439,28.7909851074219,24.9251403808594,21.7919921875,1.73471975326538,2.69311356544495,0.0783087462186813,110578.366000909,177699.896302372,180638.505485097,62,3026,2964,203.7432756,1.440799298,">1200"
"SM01611_250",13,2.63905732961526,"24/09/2020","06:34",250,"Fairway",-21.09491399,162.385887,"Pelagic",-0.0440626740455627,0.0776834785938263,35.4958381652832,0.41485920548439,28.7940063476562,24.9278869628906,21.7919921875,1.73542356491089,2.69311356544495,0.0783087462186813,110578.366000909,177699.314358005,180637.130739682,62,3026,2964,203.7432756,1.440799298,">1200"
"SM01611_500",15,2.77258872223978,"24/09/2020","06:34",500,"Fairway",-21.09502397,162.38613,"Pelagic",-0.0440626740455627,0.0776834785938263,35.4958381652832,0.41485920548439,28.7909851074219,24.9251403808594,21.7919921875,1.73471975326538,2.69311356544495,0.0783087462186813,110578.366000909,177687.397271571,180625.817771017,62,3026,2964,203.7432756,1.440799298,">1200"
"SM01611_80",16,2.83321334405622,"24/09/2020","",80,"Fairway",-21.09515204,162.386086,"Pelagic",-0.0440626740455627,0.0776834785938263,35.4958381652832,0.41485920548439,28.7909851074219,24.9251403808594,21.7919921875,1.73471975326538,2.69311356544495,0.0783087462186813,110578.366000909,177699.896302372,180638.505485097,62,3026,2964,203.7432756,1.440799298,">1200"
"SM00211-250",0,0,"09/04/2019","",250,"PoyaNepoui",-21.45376,164.9077,"Pelagic",-0.0508322343230247,-0.00314769428223372,35.4929237365723,0.493313312530518,29.3450012207031,24.8794860839844,21.6369934082031,1.80392241477966,5.00138425827026,0.135393664240837,13550.5268227692,6062.14412608793,11494.5458982968,0,3088,3088,393.0866614,8.314530038,"1087"
"SM00510",0,0,"14/06/2019","07:47",303,"JumeauWest",-23.70904,168.01141,"Summit250",-0.0323849320411682,-0.0629437938332558,35.5339851379395,0.425788760185242,27.9400024414062,24.0859680175781,20.5660095214844,1.71765649318695,4.59765005111694,0.101204819977283,52838.6949525715,114023.273034611,121909.519201773,239,1358,1119,11.07689858,20.81388918,"313"
"SM01409",0,0,"12/09/2020","",297,"Argo",-23.10563902,159.464663,"Summit250",0.00362186599522829,0.0166918598115444,35.6086692810059,0.412294805049896,28.2019958496094,24.144287109375,20.5,1.82425010204315,16.9981002807617,0.0787272080779076,180092.912317189,132696.164097492,555838.689320909,299,2550,2251,449.8799498,19.69170755,"301"
"SM01406",0,0,"12/09/2020","",300,"Argo",-23.09938403,159.451139,"Summit250",0.005225979257375,0.00861075986176729,35.6045074462891,0.41252726316452,28.2009887695312,24.1510009765625,20.4819946289062,1.82443523406982,9.40213871002197,0.0788193047046661,180352.976645977,131995.521674773,556545.979111558,299,2550,2251,449.8799498,19.69170755,"309"
"SM01401",0,0,"12/09/2020","",301,"Argo",-23.07606901,159.479493,"Summit250",0.00362186599522829,0.0166918598115444,35.6086692810059,0.417635649442673,28.2080078125,24.1541137695312,20.5039978027344,1.82353830337524,16.9981002807617,0.0785578340291977,179433.093104105,129432.74548972,552659.461323907,299,2550,2251,449.8799498,19.69170755,"310"
"SM01405",0,0,"12/09/2020","",298,"Argo",-23.08557702,159.47646,"Summit250",0.00362186599522829,0.0166918598115444,35.6086692810059,0.412294805049896,28.2080078125,24.1498718261719,20.5090026855469,1.82351994514465,16.9981002807617,0.0787272080779076,179587.457538915,130483.124259218,553542.042668555,299,2550,2251,449.8799498,19.69170755,"307"
"SM01402",0,0,"12/09/2020","",298,"Argo",-23.08173803,159.463603,"Summit250",0.00362186599522829,0.0166918598115444,35.6086692810059,0.417635649442673,28.2049865722656,24.1587219238281,20.4880065917969,1.82471835613251,16.9981002807617,0.0785578340291977,179840.467696232,130038.930133953,554345.843142828,299,2550,2251,449.8799498,19.69170755,"312"
"SM01407",0,0,"12/09/2020","",290,"Argo",-23.11015,159.449035,"Summit250",0.005225979257375,0.00861075986176729,35.6045074462891,0.41252726316452,28.2109985351562,24.1457214355469,20.4830017089844,1.82390213012695,9.40213871002197,0.0788193047046661,180528.362752601,133191.866886597,557304.616582141,299,2550,2251,449.8799498,19.69170755,"304"
"SM01303",0,0,"08/09/2020","",61,"Capel",-25.032355,159.523711,"Summit50",-0.0317695178091526,-0.0356536917388439,35.6740684509277,0.428016752004623,27.5379943847656,23.4693908691406,19.7980041503906,1.82469606399536,12.9684705734253,0.0965811684727669,199826.039747011,346907.768733503,686658.487639662,60,3114,3054,4085.328519,2.896921055,"67"
"SM01309",0,0,"09/09/2020","",60,"Capel",-25.05538998,159.523902,"Summit50",-0.029555032029748,-0.0349222533404827,35.6758079528809,0.431835651397705,27.4429931640625,23.4620361328125,19.8739929199219,1.82632100582123,19.68701171875,0.0967601165175438,200079.23700911,349467.96181663,688444.287402855,60,3114,3054,4085.328519,2.896921055,"68"
"SM01301",0,0,"08/09/2020","",56,"Capel",-25.02101202,159.508982,"Summit50",-0.0317695178091526,-0.0356536917388439,35.6740684509277,0.428016752004623,27.5450134277344,23.4761657714844,19.8250122070312,1.82343769073486,12.9684705734253,0.0965811684727669,200075.652295228,345622.084569117,684606.411668421,60,3114,3054,4085.328519,2.896921055,"61"
"SM01306",0,0,"08/09/2020","",60,"Capel",-25.028616,159.496226,"Summit50",-0.0317695178091526,-0.0356536917388439,35.6740684509277,0.422929912805557,27.5669860839844,23.4775390625,19.7829895019531,1.82403004169464,12.9684705734253,0.0970084294676781,200458.266816364,346450.767984336,685555.023499801,60,3114,3054,4085.328519,2.896921055,"70"
"SM01404",0,0,"12/09/2020","",292,"Argo",-23.09539097,159.470301,"Summit250",0.00362186599522829,0.0166918598115444,35.6086692810059,0.412294805049896,28.2049865722656,24.1473999023438,20.5029907226562,1.82421100139618,16.9981002807617,0.0787272080779076,179819.146332144,131563.67216568,554702.873883521,299,2550,2251,449.8799498,19.69170755,"304"
"SM01302",0,0,"08/09/2020","",57,"Capel",-25.01949398,159.524809,"Summit50",-0.0317695178091526,-0.0356536917388439,35.6740684509277,0.428016752004623,27.5409851074219,23.4724731445312,19.8059997558594,1.82356286048889,12.9684705734253,0.0965811684727669,199665.082214471,345480.698145428,685762.939306876,60,3114,3054,4085.328519,2.896921055,"68"
"SM01305",0,0,"08/09/2020","",50,"Capel",-25.02873603,159.510216,"Summit50",-0.0317695178091526,-0.0356536917388439,35.6740684509277,0.428016752004623,27.5270080566406,23.4731140136719,19.8240051269531,1.82453215122223,12.9684705734253,0.0965811684727669,200119.152884425,346482.364367765,685610.141283123,60,3114,3054,4085.328519,2.896921055,"61"
"SM01304",0,0,"08/09/2020","",60,"Capel",-25.04014296,159.534099,"Summit50",-0.0317695178091526,-0.0356536917388439,35.6740684509277,0.428016752004623,27.4849853515625,23.4632873535156,19.7799987792969,1.82543802261353,12.9684705734253,0.0965811684727669,199675.872490753,347794.778070133,686511.786335849,60,3114,3054,4085.328519,2.896921055,"67"
"SM01307",0,0,"08/09/2020","",61,"Capel",-25.04042904,159.503044,"Summit50",-0.0317695178091526,-0.0356536917388439,35.6740684509277,0.428016752004623,27.5289916992188,23.4751281738281,19.7969970703125,1.8246568441391,12.9684705734253,0.0965811684727669,200450.914650652,347771.845228079,686679.224874913,60,3114,3054,4085.328519,2.896921055,"68"
"SM01208",0,0,"19/08/2020","",130,"GrandLagonNord",-19.41602197,163.200527,"DeepSlope",-0.0768662914633751,-0.0487741269171238,35.2541732788086,3.00029730796814,29.7059936523438,25.5951538085938,22.6109924316406,1.65189516544342,12.9184827804565,0.241010382771492,107398.799260114,200.360916318319,39979.5281399689,0,3393,3393,545.45025633,20.239723665,"135"
"SM01209",0,0,"19/08/2020","",100,"GrandLagonNord",-19.43158398,163.216539,"DeepSlope",-0.104882784187794,-0.0157889146357775,35.2649841308594,2.13835835456848,29.6499938964844,25.5708312988281,22.5969848632812,1.66772603988647,26.0370254516602,0.27897235751152,106652.323720696,127.56861440613,39379.5606738661,0,3393,3393,545.45025633,20.239723665,"109"
"SM01204",0,0,"19/08/2020","",81,"GrandLagonNord",-19.50633698,163.22995,"DeepSlope",-0.0929175093770027,-0.0216454416513443,35.2693099975586,1.54239177703857,29.7510070800781,25.5671081542969,22.3909912109375,1.65308380126953,27.6935482025146,0.193404778838158,105655.194413854,106.908406644418,36146.8270256232,0,3393,3393,545.45025633,20.239723665,"85"
"SM01205",0,0,"19/08/2020","",84,"GrandLagonNord",-19.52160596,163.238371,"DeepSlope",-0.0929175093770027,-0.0216454416513443,35.2693099975586,1.54239177703857,29.7210083007812,25.5603942871094,22.4389953613281,1.65751779079437,27.6935482025146,0.193404778838158,105082.984635196,105.862248421999,35057.3112123571,0,3393,3393,545.45025633,20.239723665,"90"
"SM00908",0,0,"10/08/2020","",230,"Crypthelia",-23.32277499,168.258017,"Summit250",-0.0365818552672863,-0.0122477589175105,35.4914131164551,0.427374839782715,28.43798828125,24.3227844238281,20.906005859375,1.7400050163269,9.84589099884033,0.0973730310797691,53745.3639333599,93302.6280285283,100678.34984499,195,1822,1627,5.655226441,18.06345621,"235"
"SM01001",0,0,"06/08/2020","",53,"Torche",-22.85829401,167.657653,"Summit50",0.0372880697250366,-0.0143563104793429,35.4862403869629,0.431072741746902,28.385009765625,24.1089172363281,20.8800048828125,1.62277984619141,22.8776245117188,0.130315199494362,33628.2099496265,13495.8819768296,21248.4976279691,45,1363,1318,25.54291252,2.763461196,"58"
"SM01007",0,0,"06/08/2020","",44,"Torche",-22.863197,167.695202,"Summit50",0.0372880697250366,-0.0143563104793429,35.4862403869629,0.431369483470917,28.3869934082031,24.1761474609375,20.8590087890625,1.64094769954681,22.8776245117188,0.126722648739815,34538.0923959621,16447.4990112216,23944.1228244098,45,1363,1318,25.54291252,2.763461196,"48"
"SM00507",0,0,"13/06/2019","16:18",251,"JumeauWest",-23.69304,168.01192,"Summit250",-0.0110522406175733,-0.0688608586788177,35.5249938964844,0.424644738435745,27.8800048828125,24.093994140625,20.5669860839844,1.71696472167969,6.20285892486572,0.101237028837204,52701.4166745474,112418.380884193,120300.224502382,239,1358,1119,11.07689858,20.81388918,"260"
"SM00212-1000",0,0,"09/04/2019","",1000,"PoyaNepoui",-21.48473,164.88559,"Pelagic",0.0350937619805336,-0.0548324286937714,35.463565826416,0.449445247650146,29.4159851074219,24.9153747558594,21.614013671875,1.81132233142853,2.23963975906372,0.116929411888123,14174.4564676813,10025.2961370348,15552.2451400442,0,3088,3088,393.0866614,8.314530038,"1800"
"SM00611_500",0,0,"15/06/2019","08:43",500,"Stylaster",-23.6204167,167.7795333,"Pelagic",-0.0312095899134874,-0.0881404802203178,35.5389671325684,0.423800855875015,27.947998046875,24.0484008789062,20.56201171875,1.69723904132843,7.30050230026245,0.103463843464851,46843.231301512,97250.3268736041,105165.955139737,434,1235,801,97.83488173,27.62412779,"1103"
"SM00502",0,0,"13/06/2019","13:41",238,"JumeauWest",-23.67066667,168.0009167,"Summit250",-0.0110522406175733,-0.0688608586788177,35.5249938964844,0.424644738435745,27.8919982910156,24.0985412597656,20.6730041503906,1.71591281890869,6.20285892486572,0.101237028837204,52151.6699294762,109696.223315215,117578.305006359,239,1358,1119,11.07689858,20.81388918,"246"
"SM00811_500",0,0,"12/08/2020","06:32",500,"Eponge",-24.90700004,168.336772,"Pelagic",-0.0112086161971092,-0.0139124048873782,35.6198692321777,0.424936652183533,27.7250061035156,23.5160217285156,19.5849914550781,1.79024434089661,3.17073965072632,0.0978880971670151,84294.3929176533,248377.162543863,257944.232063006,511,2443,1932,19.93901481,41.33763054,"1176"
"SM01210",0,0,"19/08/2020","",103,"GrandLagonNord",-19.43720397,163.226514,"DeepSlope",-0.104882784187794,-0.0157889146357775,35.2649841308594,2.13835835456848,29.6109924316406,25.5577697753906,22.5119934082031,1.6749312877655,26.0370254516602,0.27897235751152,106515.171748418,188.458701064938,37721.034744327,0,3393,3393,545.45025633,20.239723665,"108"
"SM00905",0,0,"10/08/2020","",212,"Crypthelia",-23.29102702,168.239633,"Summit250",-0.0331365428864956,-0.0294037014245987,35.4832153320312,0.428480982780457,28.2879943847656,24.3335571289062,20.802001953125,1.73481094837189,10.4225368499756,0.0985174179077148,52931.9718802924,89588.3223364328,96898.7337195104,195,1822,1627,5.655226441,18.06345621,"217"
"SM01009",0,0,"06/08/2020","",45,"Torche",-22.88551298,167.687032,"Summit50",0.0726491883397102,-0.00376815325580537,35.5007438659668,0.426545947790146,28.4490051269531,24.1563720703125,20.8590087890625,1.63554155826569,15.3469715118408,0.124314427375793,34619.2132039608,17852.1634518486,25424.3010818161,45,1363,1318,25.54291252,2.763461196,"47"
"SM01002",0,0,"06/08/2020","",48,"Torche",-22.87069604,167.654189,"Summit50",0.0372880697250366,-0.0143563104793429,35.4862403869629,0.431072741746902,28.385009765625,24.1000061035156,20.8829956054688,1.61835181713104,22.8776245117188,0.130315199494362,33668.8132422934,14548.4250449695,22247.3528545445,45,1363,1318,25.54291252,2.763461196,"52"
